LP,Imię,Nazwisko,Rok urodzenia
1,Wanda,Grzybowski,1994
2,Krystyna,Pracuś,1995
3,Kasia,Woźniak,2000
4,Zosia,Zając,1990
5,Helena,Grzybowski,1991
6,Helena,Kwiatkowska,1994
7,Grażyna,Zając,1997
8,Zosia,Nowak,1999
9,Helena,Boryś,1999
10,Kinga,Grzybowski,2000
11,Helena,Pracuś,1991
12,Dagna,Boryś,1998
13,Basia,Boryś,1998
14,Krystyna,Nowak,1992
15,Kasia,Kwiatkowska,1992
16,Jadwiga,Kowalska,1993
17,Jadwiga,Kwiatkowska,1998
18,Monika,Woźniak,1994
19,Grażyna,Kowalska,1997
20,Basia,Lewandowska,1999
21,Basia,Boryś,2000
22,Monika,Woźniak,1994
23,Grażyna,Zając,1997
24,Basia,Kruk,1996
25,Kasia,Lewandowska,1996
26,Wanda,Kwiatkowska,2000
27,Monika,Woźniak,2000
28,Monika,Pracuś,1998
29,Helena,Pracuś,1992
30,Ania,Lewandowska,1992
31,Jadwiga,Nowak,2000
32,Kasia,Kowalska,1993
33,Krystyna,Zając,1995
34,Kinga,Kowalska,1997
35,Jadwiga,Grzybowski,1998
36,Wanda,Nowak,1998
37,Kasia,Kruk,1997
38,Dagna,Zając,1993
39,Krystyna,Kruk,1993
40,Zosia,Zając,1998
41,Basia,Kruk,1999
42,Wanda,Kwiatkowska,1999
43,Jadwiga,Kowalska,1995
44,Zosia,Nowak,1992
45,Ania,Nowak,1991
46,Helena,Lewandowska,1993
47,Jadwiga,Boryś,1993
48,Dagna,Woźniak,1994
49,Helena,Kowalska,1995
50,Ania,Pracuś,1994
51,Kasia,Grzybowski,1994
52,Ania,Pracuś,1996
53,Wanda,Pracuś,1991
54,Grażyna,Grzybowski,1998
55,Jadwiga,Lewandowska,1993
56,Krystyna,Kowalska,1990
57,Ania,Boryś,1994
58,Jadwiga,Grzybowski,1993
59,Wanda,Lewandowska,1991
60,Grażyna,Grzybowski,1997
61,Jadwiga,Kowalska,1993
62,Grażyna,Lewandowska,1998
63,Helena,Pracuś,1995
64,Grażyna,Kowalska,2000
65,Dagna,Nowak,1991
66,Ania,Kwiatkowska,1995
67,Dagna,Nowak,1991
68,Basia,Nowak,1992
69,Kinga,Nowak,1997
70,Krystyna,Woźniak,1995
71,Krystyna,Boryś,1992
72,Kinga,Woźniak,1994
73,Jadwiga,Grzybowski,2000
74,Wanda,Kruk,1999
75,Jadwiga,Kwiatkowska,1998
76,Jadwiga,Grzybowski,1990
77,Kinga,Nowak,1991
78,Helena,Kwiatkowska,1996
79,Monika,Kowalska,2000
80,Dagna,Kwiatkowska,1990
81,Krystyna,Kowalska,1992
82,Zosia,Boryś,1990
83,Monika,Woźniak,1992
84,Jadwiga,Grzybowski,2000
85,Helena,Boryś,1994
86,Ania,Nowak,1997
87,Ania,Woźniak,1996
88,Ania,Pracuś,1996
89,Grażyna,Grzybowski,1992
90,Wanda,Kowalska,1998
91,Monika,Lewandowska,2000
92,Jadwiga,Boryś,1994
93,Monika,Nowak,1993
94,Helena,Pracuś,1999
95,Kasia,Pracuś,1998
96,Kasia,Grzybowski,1990
97,Jadwiga,Grzybowski,1995
98,Ania,Pracuś,1992
99,Jadwiga,Boryś,1996
100,Monika,Kowalska,1996
